domain name,TTL,data,dnstype,nameserver
aa-f.kommune.no,14400.0,IN,NS,dns01.tdc.no
aa-f.kommune.no,14400.0,IN,NS,dns02.tdc.no
aal.kommune.no,14400.0,IN,NS,dns1.as2116.net
aal.kommune.no,14400.0,IN,NS,dns2.as2116.net
aal.kommune.no,14400.0,IN,NS,dns3.as2116.net
aamli.kommune.no,14400.0,IN,NS,dns01.tdc.no
aamli.kommune.no,14400.0,IN,NS,dns02.tdc.no
afjord.kommune.no,14400.0,IN,NS,ns1.vitnett.no
afjord.kommune.no,14400.0,IN,NS,ns2.vitnett.no
agdenes.kommune.no,14400.0,IN,NS,a4.nstld.com
agdenes.kommune.no,14400.0,IN,NS,f4.nstld.com
agdenes.kommune.no,14400.0,IN,NS,h4.nstld.com
agdenes.kommune.no,14400.0,IN,NS,j4.nstld.com
agdenes.kommune.no,14400.0,IN,NS,g4.nstld.com
akershus-f.kommune.no,14400.0,IN,NS,snipp.akershus-f.kommune.no
akershus-f.kommune.no,14400.0,IN,NS,snapp.akershus-f.kommune.no
alesund.kommune.no,14400.0,IN,NS,ns2.esunnmore.no
alesund.kommune.no,14400.0,IN,NS,ns1.esunnmore.no
alstahaug.kommune.no,14400.0,IN,NS,ns1.hyp.net
alstahaug.kommune.no,14400.0,IN,NS,ns3.hyp.net
alstahaug.kommune.no,14400.0,IN,NS,ns2.hyp.net
alta.kommune.no,14400.0,IN,NS,ns2.nextra.no
alta.kommune.no,14400.0,IN,NS,ns1.nextra.no
alvdal.kommune.no,14400.0,IN,NS,ns2.fastname.no
alvdal.kommune.no,14400.0,IN,NS,ns.fastname.no
amli.kommune.no,14400.0,IN,NS,dns01.tdc.no
amli.kommune.no,14400.0,IN,NS,dns02.tdc.no
amot.kommune.no,14400.0,IN,NS,dns2.as2116.net
amot.kommune.no,14400.0,IN,NS,dns1.as2116.net
amot.kommune.no,14400.0,IN,NS,dns3.as2116.net
andebu.kommune.no,14400.0,IN,NS,ns2.nextra.no
andebu.kommune.no,14400.0,IN,NS,ns1.nextra.no
andoy.kommune.no,14400.0,IN,NS,lin.dataguard.no
andoy.kommune.no,14400.0,IN,NS,eject.dataguard.no
andoy.kommune.no,14400.0,IN,NS,josva.dataguard.no
ardal.kommune.no,14400.0,IN,NS,ns.fastname.no
ardal.kommune.no,14400.0,IN,NS,ns2.fastname.no
aremark.kommune.no,14400.0,IN,NS,ns1.halden.net
aremark.kommune.no,14400.0,IN,NS,ns2.halden.net
arendal.kommune.no,14400.0,IN,NS,dns01.tdc.no
arendal.kommune.no,14400.0,IN,NS,dns02.tdc.no
as.kommune.no,14400.0,IN,NS,g4.nstld.com
as.kommune.no,14400.0,IN,NS,f4.nstld.com
as.kommune.no,14400.0,IN,NS,h4.nstld.com
as.kommune.no,14400.0,IN,NS,j4.nstld.com
as.kommune.no,14400.0,IN,NS,l4.nstld.com
as.kommune.no,14400.0,IN,NS,a4.nstld.com
as.kommune.no,14400.0,IN,NS,k4.nstld.com
aseral.kommune.no,14400.0,IN,NS,dns01.tdc.no
aseral.kommune.no,14400.0,IN,NS,dns02.tdc.no
asker.kommune.no,14400.0,IN,NS,a4.nstld.com
asker.kommune.no,14400.0,IN,NS,f4.nstld.com
asker.kommune.no,14400.0,IN,NS,dns2.mobinor.no
asker.kommune.no,14400.0,IN,NS,g4.nstld.com
asker.kommune.no,14400.0,IN,NS,h4.nstld.com
asker.kommune.no,14400.0,IN,NS,j4.nstld.com
asker.kommune.no,14400.0,IN,NS,l4.nstld.com
asker.kommune.no,14400.0,IN,NS,dns1.mobinor.no
asker.kommune.no,14400.0,IN,NS,nn.uninett.no
askim.kommune.no,14400.0,IN,NS,ns1.hyp.net
askim.kommune.no,14400.0,IN,NS,ns3.hyp.net
askim.kommune.no,14400.0,IN,NS,ns2.hyp.net
askoy.kommune.no,14400.0,IN,NS,ns6.eonisp.net
askoy.kommune.no,14400.0,IN,NS,ns4.eonisp.net
askoy.kommune.no,14400.0,IN,NS,ns5.eonisp.net
askvoll.kommune.no,14400.0,IN,NS,ns1-auth.enivest.net
askvoll.kommune.no,14400.0,IN,NS,ns2-auth.enivest.net
asnes.kommune.no,14400.0,IN,NS,ns6.eonisp.net
asnes.kommune.no,14400.0,IN,NS,ns4.eonisp.net
asnes.kommune.no,14400.0,IN,NS,ns5.eonisp.net
audnedal.kommune.no,14400.0,IN,NS,dns01.tdc.no
audnedal.kommune.no,14400.0,IN,NS,dns02.tdc.no
aukra.kommune.no,14400.0,IN,NS,ns1.nextra.no
aukra.kommune.no,14400.0,IN,NS,ns2.nextra.no
aure.kommune.no,14400.0,IN,NS,ns.fastname.no
aure.kommune.no,14400.0,IN,NS,ns2.fastname.no
auretustna.kommune.no,14400.0,IN,NS,ns.fastname.no
auretustna.kommune.no,14400.0,IN,NS,ns2.fastname.no
aurland.kommune.no,14400.0,IN,NS,ns1.nextra.no
aurland.kommune.no,14400.0,IN,NS,ns2.nextra.no
aurskog-holand.kommune.no,14400.0,IN,NS,ns1.hyp.net
aurskog-holand.kommune.no,14400.0,IN,NS,ns2.hyp.net
aurskog-holand.kommune.no,14400.0,IN,NS,ns3.hyp.net
austevoll.kommune.no,14400.0,IN,NS,h4.nstld.com
austevoll.kommune.no,14400.0,IN,NS,g4.nstld.com
austevoll.kommune.no,14400.0,IN,NS,j4.nstld.com
austevoll.kommune.no,14400.0,IN,NS,f4.nstld.com
austevoll.kommune.no,14400.0,IN,NS,a4.nstld.com
austrheim.kommune.no,14400.0,IN,NS,ns2.nextra.no
austrheim.kommune.no,14400.0,IN,NS,ns1.nextra.no
averoy.kommune.no,14400.0,IN,NS,ns1.sucom.no
averoy.kommune.no,14400.0,IN,NS,ns2.sucom.no
baerum.kommune.no,14400.0,IN,NS,dns2.mobinor.no
baerum.kommune.no,14400.0,IN,NS,dns1.mobinor.no
balestrand.kommune.no,14400.0,IN,NS,ns1.sfj.no
balestrand.kommune.no,14400.0,IN,NS,ns2.sfj.no
ballangen.kommune.no,14400.0,IN,NS,f4.nstld.com
ballangen.kommune.no,14400.0,IN,NS,a4.nstld.com
ballangen.kommune.no,14400.0,IN,NS,g4.nstld.com
balsfjord.kommune.no,14400.0,IN,NS,dns.bsn.bedsys.no
balsfjord.kommune.no,14400.0,IN,NS,dns3.bsn.bedsys.no
balsfjord.kommune.no,14400.0,IN,NS,dns2.bsn.bedsys.no
balsfjord.kommune.no,14400.0,IN,NS,dns4.bsn.bedsys.no
bamble.kommune.no,14400.0,IN,NS,dns01.tdc.no
bamble.kommune.no,14400.0,IN,NS,dns02.tdc.no
bardu.kommune.no,14400.0,IN,NS,dns3.as2116.net
bardu.kommune.no,14400.0,IN,NS,dns1.as2116.net
bardu.kommune.no,14400.0,IN,NS,dns2.as2116.net
barum.kommune.no,14400.0,IN,NS,ns1.nameserveren.com
barum.kommune.no,14400.0,IN,NS,ns3.nameserveren.com
barum.kommune.no,14400.0,IN,NS,ns2.nameserveren.com
batsfjord.kommune.no,14400.0,IN,NS,ns.trollnet.no
batsfjord.kommune.no,14400.0,IN,NS,ns1.react.no
beiarn.kommune.no,14400.0,IN,NS,ns2.hyp.net
beiarn.kommune.no,14400.0,IN,NS,ns3.hyp.net
beiarn.kommune.no,14400.0,IN,NS,ns1.hyp.net
berg.kommune.no,14400.0,IN,NS,ns2.hyp.net
berg.kommune.no,14400.0,IN,NS,ns3.hyp.net
berg.kommune.no,14400.0,IN,NS,ns1.hyp.net
bergen.kommune.no,14400.0,IN,NS,ns2.bergen.kommune.no
bergen.kommune.no,14400.0,IN,NS,ns1.bergen.kommune.no
bergen.kommune.no,14400.0,IN,NS,ns2.nextra.no
berlevag.kommune.no,14400.0,IN,NS,web.custompublish.com
berlevag.kommune.no,14400.0,IN,NS,ns2.edbc.no
bindal.kommune.no,14400.0,IN,NS,ns1.hyp.net
bindal.kommune.no,14400.0,IN,NS,ns2.hyp.net
bindal.kommune.no,14400.0,IN,NS,ns3.hyp.net
birkenes.kommune.no,14400.0,IN,NS,dns01.tdc.no
birkenes.kommune.no,14400.0,IN,NS,dns02.tdc.no
bjarkoy.kommune.no,14400.0,IN,NS,dns3.as2116.net
bjarkoy.kommune.no,14400.0,IN,NS,dns1.as2116.net
bjarkoy.kommune.no,14400.0,IN,NS,dns2.as2116.net
bjerkreim.kommune.no,14400.0,IN,NS,dns01.tdc.no
bjerkreim.kommune.no,14400.0,IN,NS,dns02.tdc.no
bjugn.kommune.no,14400.0,IN,NS,ns1.vitnett.no
bjugn.kommune.no,14400.0,IN,NS,ns2.vitnett.no
bo.kommune.no,14400.0,IN,NS,ns3.acos.no
bo.kommune.no,14400.0,IN,NS,ns2.acos.no
bo.kommune.no,14400.0,IN,NS,ns1.acos.no
bo-no.kommune.no,14400.0,IN,NS,ns2.ella.no
bo-no.kommune.no,14400.0,IN,NS,ns1.ella.no
bodo.kommune.no,14400.0,IN,NS,dns1.itet.no
bodo.kommune.no,14400.0,IN,NS,dns2.itet.no
boe.kommune.no,14400.0,IN,NS,ns1.sysedata.no
boe.kommune.no,14400.0,IN,NS,ns2.sysedata.no
boe.kommune.no,14400.0,IN,NS,ns3.sysedata.no
bokn.kommune.no,14400.0,IN,NS,ns1.hyp.net
bokn.kommune.no,14400.0,IN,NS,ns2.hyp.net
bokn.kommune.no,14400.0,IN,NS,ns3.hyp.net
bomlo.kommune.no,14400.0,IN,NS,ns1.hyp.net
bomlo.kommune.no,14400.0,IN,NS,ns2.hyp.net
bomlo.kommune.no,14400.0,IN,NS,ns3.hyp.net
borre.kommune.no,14400.0,IN,NS,ns01.intellinet.no
borre.kommune.no,14400.0,IN,NS,ns02.intellinet.no
bremanger.kommune.no,14400.0,IN,NS,ns1.nameserveren.com
bremanger.kommune.no,14400.0,IN,NS,ns2.nameserveren.com
bremanger.kommune.no,14400.0,IN,NS,ns3.nameserveren.com
bronnoy.kommune.no,14400.0,IN,NS,ns1.hyp.net
bronnoy.kommune.no,14400.0,IN,NS,ns2.hyp.net
bronnoy.kommune.no,14400.0,IN,NS,ns3.hyp.net
buskerud-f.kommune.no,14400.0,IN,NS,dns3.as2116.net
buskerud-f.kommune.no,14400.0,IN,NS,dns2.as2116.net
buskerud-f.kommune.no,14400.0,IN,NS,dns1.as2116.net
byggesak.kommune.no,14400.0,IN,NS,ns.equant.no
byggesak.kommune.no,14400.0,IN,NS,dns.oslonett.no
bygland.kommune.no,14400.0,IN,NS,dns01.tdc.no
bygland.kommune.no,14400.0,IN,NS,dns02.tdc.no
bykle.kommune.no,14400.0,IN,NS,dns01.tdc.no
bykle.kommune.no,14400.0,IN,NS,dns02.tdc.no
donna.kommune.no,14400.0,IN,NS,ns1.hyp.net
donna.kommune.no,14400.0,IN,NS,ns2.hyp.net
donna.kommune.no,14400.0,IN,NS,ns3.hyp.net
dovre.kommune.no,14400.0,IN,NS,ns2.nextra.no
dovre.kommune.no,14400.0,IN,NS,ns1.nextra.no
drammen.kommune.no,14400.0,IN,NS,a4.nstld.com
drammen.kommune.no,14400.0,IN,NS,af.nstld.com
drammen.kommune.no,14400.0,IN,NS,g4.nstld.com
drammen.kommune.no,14400.0,IN,NS,h4.nstld.com
drammen.kommune.no,14400.0,IN,NS,j4.nstld.com
drammen.kommune.no,14400.0,IN,NS,l4.nstld.com
skole.drammen.kommune.no,14400.0,IN,A,81.0.147.59
drangedal.kommune.no,14400.0,IN,NS,a4.nstld.com
drangedal.kommune.no,14400.0,IN,NS,j4.nstld.com
drangedal.kommune.no,14400.0,IN,NS,g4.nstld.com
drangedal.kommune.no,14400.0,IN,NS,h4.nstld.com
drangedal.kommune.no,14400.0,IN,NS,af.nstld.com
dyroy.kommune.no,14400.0,IN,NS,ns1.hyp.net
dyroy.kommune.no,14400.0,IN,NS,ns3.hyp.net
dyroy.kommune.no,14400.0,IN,NS,ns2.hyp.net
e-h.kommune.no,14400.0,IN,NS,dns01.tdc.no
e-h.kommune.no,14400.0,IN,NS,dns02.tdc.no
eid.kommune.no,14400.0,IN,NS,ns2.nameserveren.com
eid.kommune.no,14400.0,IN,NS,ns1.nameserveren.com
eid.kommune.no,14400.0,IN,NS,ns3.nameserveren.com
eide.kommune.no,14400.0,IN,NS,ns.mimer.no
eide.kommune.no,14400.0,IN,NS,ns2.mimer.no
eidfjord.kommune.no,14400.0,IN,NS,ns2.nextra.no
eidfjord.kommune.no,14400.0,IN,NS,ns1.nextra.no
eidsberg.kommune.no,14400.0,IN,NS,ns1.hyp.net
eidsberg.kommune.no,14400.0,IN,NS,ns2.hyp.net
eidsberg.kommune.no,14400.0,IN,NS,ns3.hyp.net
eidskog.kommune.no,14400.0,IN,NS,ns1.hyp.net
eidskog.kommune.no,14400.0,IN,NS,ns2.hyp.net
eidskog.kommune.no,14400.0,IN,NS,ns3.hyp.net
eidsvoll.kommune.no,14400.0,IN,NS,dns02.tdc.no
eidsvoll.kommune.no,14400.0,IN,NS,dns.dgi.no
eigersund.kommune.no,14400.0,IN,NS,ns3.hyp.net
eigersund.kommune.no,14400.0,IN,NS,ns2.hyp.net
eigersund.kommune.no,14400.0,IN,NS,ns1.hyp.net
elverum.kommune.no,14400.0,IN,NS,ns2.nextra.no
elverum.kommune.no,14400.0,IN,NS,ns1.nextra.no
enebakk.kommune.no,14400.0,IN,NS,ns4.eonisp.net
enebakk.kommune.no,14400.0,IN,NS,ns5.eonisp.net
enebakk.kommune.no,14400.0,IN,NS,ns6.eonisp.net
engerdal.kommune.no,14400.0,IN,NS,g4.nstld.com
engerdal.kommune.no,14400.0,IN,NS,f4.nstld.com
engerdal.kommune.no,14400.0,IN,NS,j4.nstld.com
engerdal.kommune.no,14400.0,IN,NS,a4.nstld.com
etne.kommune.no,14400.0,IN,NS,ns2.hyp.net
etne.kommune.no,14400.0,IN,NS,ns1.hyp.net
etne.kommune.no,14400.0,IN,NS,ns3.hyp.net
etnedal.kommune.no,14400.0,IN,NS,dns1.ewse.net
etnedal.kommune.no,14400.0,IN,NS,dns2.ewse.net
etnedal.kommune.no,14400.0,IN,NS,dns3.ewse.net
evenes.kommune.no,14400.0,IN,NS,ns3.sysedata.no
evenes.kommune.no,14400.0,IN,NS,ns1.sysedata.no
evenes.kommune.no,14400.0,IN,NS,ns2.sysedata.no
farsund.kommune.no,14400.0,IN,NS,dns01.tdc.no
farsund.kommune.no,14400.0,IN,NS,dns02.tdc.no
fauske.kommune.no,14400.0,IN,NS,g4.nstld.com
fauske.kommune.no,14400.0,IN,NS,f4.nstld.com
fauske.kommune.no,14400.0,IN,NS,a4.nstld.com
fedje.kommune.no,14400.0,IN,NS,ns4.eonisp.net
fedje.kommune.no,14400.0,IN,NS,ns5.eonisp.net
fedje.kommune.no,14400.0,IN,NS,ns6.eonisp.net
fet.kommune.no,14400.0,IN,NS,ns4.eonisp.net
fet.kommune.no,14400.0,IN,NS,ns5.eonisp.net
fet.kommune.no,14400.0,IN,NS,ns6.eonisp.net
finnmark-f.kommune.no,14400.0,IN,NS,ns.trollnet.no
finnmark-f.kommune.no,14400.0,IN,NS,ns1.react.no
finnoy.kommune.no,14400.0,IN,NS,ns1.stavanger.kommune.no
finnoy.kommune.no,14400.0,IN,NS,ns1.lyse.net
finnoy.kommune.no,14400.0,IN,NS,ns2.lyse.net
fitjar.kommune.no,14400.0,IN,NS,ns1.hyp.net
fitjar.kommune.no,14400.0,IN,NS,ns2.hyp.net
fitjar.kommune.no,14400.0,IN,NS,ns3.hyp.net
fjaler.kommune.no,14400.0,IN,NS,ns1-auth.enivest.net
fjaler.kommune.no,14400.0,IN,NS,ns2-auth.enivest.net
fjell.kommune.no,14400.0,IN,NS,ns4.eonisp.net
fjell.kommune.no,14400.0,IN,NS,ns5.eonisp.net
fjell.kommune.no,14400.0,IN,NS,ns6.eonisp.net
flaa.kommune.no,14400.0,IN,NS,dns1.as2116.net
flaa.kommune.no,14400.0,IN,NS,dns2.as2116.net
flaa.kommune.no,14400.0,IN,NS,dns3.as2116.net
flakstad.kommune.no,14400.0,IN,NS,ns1.hyp.net
flakstad.kommune.no,14400.0,IN,NS,ns2.hyp.net
flakstad.kommune.no,14400.0,IN,NS,ns3.hyp.net
flatanger.kommune.no,14400.0,IN,NS,ns1.nextra.no
flatanger.kommune.no,14400.0,IN,NS,ns2.nextra.no
flekkefjord.kommune.no,14400.0,IN,NS,dns01.tdc.no
flekkefjord.kommune.no,14400.0,IN,NS,dns02.tdc.no
flesberg.kommune.no,14400.0,IN,NS,ns1.itum.com
flesberg.kommune.no,14400.0,IN,NS,ns2.itum.com
flora.kommune.no,14400.0,IN,NS,ns1-auth.enivest.net
flora.kommune.no,14400.0,IN,NS,ns2-auth.enivest.net
folldal.kommune.no,14400.0,IN,NS,ns2.fastname.no
folldal.kommune.no,14400.0,IN,NS,ns.fastname.no
forde.kommune.no,14400.0,IN,NS,ns1-auth.enivest.net
forde.kommune.no,14400.0,IN,NS,ns2-auth.enivest.net
forsand.kommune.no,14400.0,IN,NS,ns1.stavanger.kommune.no
forsand.kommune.no,14400.0,IN,NS,ns1.lyse.net
forsand.kommune.no,14400.0,IN,NS,ns2.lyse.net
fosnes.kommune.no,14400.0,IN,NS,ns.edb.com
fosnes.kommune.no,14400.0,IN,NS,ns1.edb.com
fosnes.kommune.no,14400.0,IN,NS,ns2.edb.com
fosnes.kommune.no,14400.0,IN,NS,ns4.edb.com
frana.kommune.no,14400.0,IN,NS,ns1.sucom.no
frana.kommune.no,14400.0,IN,NS,ns2.sucom.no
fredrikstad.kommune.no,14400.0,IN,NS,frkns02.fredrikstad.kommune.no
fredrikstad.kommune.no,14400.0,IN,NS,frkns01.fredrikstad.kommune.no
frei.kommune.no,14400.0,IN,NS,dns3.as2116.net
frei.kommune.no,14400.0,IN,NS,dns1.as2116.net
frei.kommune.no,14400.0,IN,NS,dns2.as2116.net
frogn.kommune.no,14400.0,IN,NS,lin.dataguard.no
frogn.kommune.no,14400.0,IN,NS,eject.dataguard.no
frogn.kommune.no,14400.0,IN,NS,josva.dataguard.no
froland.kommune.no,14400.0,IN,NS,dns01.tdc.no
froland.kommune.no,14400.0,IN,NS,dns02.tdc.no
frosta.kommune.no,14400.0,IN,NS,nidaros1.driftsparken.no
frosta.kommune.no,14400.0,IN,NS,pingvin1.driftsparken.no
froya.kommune.no,14400.0,IN,NS,pingvin1.driftsparken.no
froya.kommune.no,14400.0,IN,NS,nidaros1.driftsparken.no
fusa.kommune.no,14400.0,IN,NS,ns2.nextra.no
fusa.kommune.no,14400.0,IN,NS,ns1.nextra.no
fyresdal.kommune.no,300.0,IN,NS,ns.datacenter.no
fyresdal.kommune.no,300.0,IN,NS,ns2.datacenter.no
gamvik.kommune.no,14400.0,IN,NS,ns1.nextra.no
gamvik.kommune.no,14400.0,IN,NS,ns2.nextra.no
gaular.kommune.no,14400.0,IN,NS,ns1-auth.enivest.net
gaular.kommune.no,14400.0,IN,NS,ns2-auth.enivest.net
gausdal.kommune.no,14400.0,IN,NS,ns1.nextra.no
gausdal.kommune.no,14400.0,IN,NS,ns2.nextra.no
gildeskal.kommune.no,14400.0,IN,NS,dns2.itet.no
gildeskal.kommune.no,14400.0,IN,NS,dns1.itet.no
giske.kommune.no,14400.0,IN,NS,ns1.esunnmore.no
giske.kommune.no,14400.0,IN,NS,ns2.esunnmore.no
gjemnes.kommune.no,14400.0,IN,NS,ns2.nextra.no
gjemnes.kommune.no,14400.0,IN,NS,ns1.nextra.no
gjerdrum.kommune.no,14400.0,IN,NS,dns.dgi.no
gjerdrum.kommune.no,14400.0,IN,NS,dns02.tdc.no
gjerstad.kommune.no,14400.0,IN,NS,dns01.tdc.no
gjerstad.kommune.no,14400.0,IN,NS,dns02.tdc.no
gjesdal.kommune.no,14400.0,IN,NS,dns01.tdc.no
gjesdal.kommune.no,14400.0,IN,NS,dns02.tdc.no
gjovik.kommune.no,14400.0,IN,NS,ns4.eonisp.net
gjovik.kommune.no,14400.0,IN,NS,ns5.eonisp.net
gjovik.kommune.no,14400.0,IN,NS,ns6.eonisp.net
gloppen.kommune.no,14400.0,IN,NS,ns1.nameserveren.com
gloppen.kommune.no,14400.0,IN,NS,ns2.nameserveren.com
gloppen.kommune.no,14400.0,IN,NS,ns3.nameserveren.com
gol.kommune.no,14400.0,IN,NS,dns3.as2116.net
gol.kommune.no,14400.0,IN,NS,dns1.as2116.net
gol.kommune.no,14400.0,IN,NS,dns2.as2116.net
gran.kommune.no,14400.0,IN,NS,ns4.eonisp.net
gran.kommune.no,14400.0,IN,NS,ns5.eonisp.net
gran.kommune.no,14400.0,IN,NS,ns6.eonisp.net
grane.kommune.no,14400.0,IN,NS,ns1.hyp.net
grane.kommune.no,14400.0,IN,NS,ns2.hyp.net
grane.kommune.no,14400.0,IN,NS,ns3.hyp.net
granvin.kommune.no,3600.0,IN,NS,n3.dnsnet.no
granvin.kommune.no,3600.0,IN,NS,n0.dnsnet.no
granvin.kommune.no,3600.0,IN,NS,n1.dnsnet.no
granvin.kommune.no,3600.0,IN,NS,n2.dnsnet.no
gratangen.kommune.no,14400.0,IN,NS,ns2.narviknett.no
gratangen.kommune.no,14400.0,IN,NS,ns.narviknett.no
grimstad.kommune.no,14400.0,IN,NS,dns01.tdc.no
grimstad.kommune.no,14400.0,IN,NS,dns02.tdc.no
grong.kommune.no,14400.0,IN,NS,ns1.hyp.net
grong.kommune.no,14400.0,IN,NS,ns2.hyp.net
grong.kommune.no,14400.0,IN,NS,ns3.hyp.net
grue.kommune.no,14400.0,IN,NS,ns6.eonisp.net
grue.kommune.no,14400.0,IN,NS,ns5.eonisp.net
grue.kommune.no,14400.0,IN,NS,ns4.eonisp.net
gulen.kommune.no,14400.0,IN,NS,ns1-auth.enivest.net
gulen.kommune.no,14400.0,IN,NS,ns2-auth.enivest.net
ha.kommune.no,14400.0,IN,NS,ns01.online4u.no
ha.kommune.no,14400.0,IN,NS,ns02.online4u.no
hadeland.kommune.no,14400.0,IN,NS,ns.datacenter.no
hadeland.kommune.no,14400.0,IN,NS,ns2.datacenter.no
hadsel.kommune.no,14400.0,IN,NS,ns1.hyp.net
hadsel.kommune.no,14400.0,IN,NS,ns2.hyp.net
hadsel.kommune.no,14400.0,IN,NS,ns3.hyp.net
haegebostad.kommune.no,14400.0,IN,NS,dns01.tdc.no
haegebostad.kommune.no,14400.0,IN,NS,dns02.tdc.no
halden.kommune.no,14400.0,IN,NS,ns02.prioritytelecom.no
halden.kommune.no,14400.0,IN,NS,ns01.prioritytelecom.no
halsa.kommune.no,14400.0,IN,NS,ns1.sucom.no
halsa.kommune.no,14400.0,IN,NS,ns2.sucom.no
hamar.kommune.no,14400.0,IN,NS,ns4.eonisp.net
hamar.kommune.no,14400.0,IN,NS,ns5.eonisp.net
hamar.kommune.no,14400.0,IN,NS,ns6.eonisp.net
hamaroy.kommune.no,14400.0,IN,NS,ns1.hyp.net
hamaroy.kommune.no,14400.0,IN,NS,ns2.hyp.net
hamaroy.kommune.no,14400.0,IN,NS,ns3.hyp.net
hammerfest.kommune.no,14400.0,IN,NS,j4.nstld.com
hammerfest.kommune.no,14400.0,IN,NS,f4.nstld.com
hammerfest.kommune.no,14400.0,IN,NS,a4.nstld.com
hammerfest.kommune.no,14400.0,IN,NS,g4.nstld.com
hammerfest.kommune.no,14400.0,IN,NS,h4.nstld.com
haram.kommune.no,14400.0,IN,NS,ns2.esunnmore.no
haram.kommune.no,14400.0,IN,NS,ns1.esunnmore.no
hareid.kommune.no,14400.0,IN,NS,ns3.mimer.no
hareid.kommune.no,14400.0,IN,NS,ns.mimer.no
hareid.kommune.no,14400.0,IN,NS,ns2.mimer.no
harstad.kommune.no,14400.0,IN,NS,ns2.nextra.no
harstad.kommune.no,14400.0,IN,NS,ns1.nextra.no
hasvik.kommune.no,14400.0,IN,NS,alpha.barentsnett.no
hasvik.kommune.no,14400.0,IN,NS,barentsweb.barentsnett.no
hattfjelldal.kommune.no,14400.0,IN,NS,ns1.hyp.net
hattfjelldal.kommune.no,14400.0,IN,NS,ns2.hyp.net
hattfjelldal.kommune.no,14400.0,IN,NS,ns3.hyp.net
haugesund.kommune.no,14400.0,IN,NS,ns1.hyp.net
haugesund.kommune.no,14400.0,IN,NS,ns2.hyp.net
haugesund.kommune.no,14400.0,IN,NS,ns3.hyp.net
hemne.kommune.no,14400.0,IN,NS,a4.nstld.com
hemne.kommune.no,14400.0,IN,NS,f4.nstld.com
hemne.kommune.no,14400.0,IN,NS,l4.nstld.com
hemnes.kommune.no,14400.0,IN,NS,f4.nstld.com
hemnes.kommune.no,14400.0,IN,NS,g4.nstld.com
hemnes.kommune.no,14400.0,IN,NS,l4.nstld.com
hemnes.kommune.no,14400.0,IN,NS,k4.nstld.com
hemnes.kommune.no,14400.0,IN,NS,h4.nstld.com
hemnes.kommune.no,14400.0,IN,NS,j4.nstld.com
hemnes.kommune.no,14400.0,IN,NS,a4.nstld.com
hemsedal.kommune.no,14400.0,IN,NS,dns3.as2116.net
hemsedal.kommune.no,14400.0,IN,NS,dns1.as2116.net
hemsedal.kommune.no,14400.0,IN,NS,dns2.as2116.net
heroy.kommune.no,14400.0,IN,NS,dns1.eunet.no
heroy.kommune.no,14400.0,IN,NS,dns2.eunet.no
heroy.kommune.no,14400.0,IN,NS,julie.heroy.kommune.no
heroy.kommune.no,14400.0,IN,NS,rona.heroy.kommune.no
heroy-no.kommune.no,14400.0,IN,NS,ns3.hyp.net
heroy-no.kommune.no,14400.0,IN,NS,ns1.hyp.net
heroy-no.kommune.no,14400.0,IN,NS,ns2.hyp.net
hitra.kommune.no,14400.0,IN,NS,f4.nstld.com
hitra.kommune.no,14400.0,IN,NS,a4.nstld.com
hitra.kommune.no,14400.0,IN,NS,g4.nstld.com
hitra.kommune.no,14400.0,IN,NS,h4.nstld.com
hitra.kommune.no,14400.0,IN,NS,j4.nstld.com
hitra.kommune.no,14400.0,IN,NS,l4.nstld.com
hjartdal.kommune.no,14400.0,IN,NS,ns1.itum.com
hjartdal.kommune.no,14400.0,IN,NS,ns2.itum.com
hjelmeland.kommune.no,14400.0,IN,NS,serpens.netpower.no
hjelmeland.kommune.no,14400.0,IN,NS,fornax.netpower.no
hjelmeland.kommune.no,14400.0,IN,NS,hspdns3.netpower.no.kommune.no
hobol.kommune.no,14400.0,IN,NS,ns1.hyp.net
hobol.kommune.no,14400.0,IN,NS,ns2.hyp.net
hobol.kommune.no,14400.0,IN,NS,ns3.hyp.net
hof.kommune.no,14400.0,IN,NS,ns3.hyp.net
hof.kommune.no,14400.0,IN,NS,ns1.hyp.net
hof.kommune.no,14400.0,IN,NS,ns2.hyp.net
hol.kommune.no,14400.0,IN,NS,dns3.as2116.net
hol.kommune.no,14400.0,IN,NS,dns1.as2116.net
hol.kommune.no,14400.0,IN,NS,dns2.as2116.net
hole.kommune.no,14400.0,IN,NS,ns1.hyp.net
hole.kommune.no,14400.0,IN,NS,ns2.hyp.net
hole.kommune.no,14400.0,IN,NS,ns3.hyp.net
holmestrand.kommune.no,14400.0,IN,NS,ns3.hyp.net
holmestrand.kommune.no,14400.0,IN,NS,ns1.hyp.net
holmestrand.kommune.no,14400.0,IN,NS,ns2.hyp.net
holtalen.kommune.no,14400.0,IN,NS,ns1.rev.no
holtalen.kommune.no,14400.0,IN,NS,ns2.rev.no
hordaland-f.kommune.no,14400.0,IN,NS,ns2.hfk.no
hordaland-f.kommune.no,14400.0,IN,NS,nn.uninett.no
hornindal.kommune.no,14400.0,IN,NS,ns1.nextra.no
hornindal.kommune.no,14400.0,IN,NS,ns2.nextra.no
horten.kommune.no,14400.0,IN,NS,ns1.uniweb.no
horten.kommune.no,14400.0,IN,NS,ns3.uniweb.no
hoyanger.kommune.no,14400.0,IN,NS,ns1-auth.enivest.net
hoyanger.kommune.no,14400.0,IN,NS,ns2-auth.enivest.net
hoylandet.kommune.no,14400.0,IN,NS,ns2.hyp.net
hoylandet.kommune.no,14400.0,IN,NS,ns3.hyp.net
hoylandet.kommune.no,14400.0,IN,NS,ns1.hyp.net
hurdal.kommune.no,14400.0,IN,NS,dns.dgi.no
hurdal.kommune.no,14400.0,IN,NS,dns02.tdc.no
hurum.kommune.no,14400.0,IN,NS,dns3.as2116.net
hurum.kommune.no,14400.0,IN,NS,dns1.as2116.net
hurum.kommune.no,14400.0,IN,NS,dns2.as2116.net
hvaler.kommune.no,14400.0,IN,NS,frkns02.fredrikstad.kommune.no
hvaler.kommune.no,14400.0,IN,NS,frkns01.fredrikstad.kommune.no
hyllestad.kommune.no,14400.0,IN,NS,ns2-auth.enivest.net
hyllestad.kommune.no,14400.0,IN,NS,ns1-auth.enivest.net
ibestad.kommune.no,14400.0,IN,NS,dns1.itet.no
ibestad.kommune.no,14400.0,IN,NS,dns2.itet.no
inderoy.kommune.no,14400.0,IN,NS,ns1.hyp.net
inderoy.kommune.no,14400.0,IN,NS,ns2.hyp.net
inderoy.kommune.no,14400.0,IN,NS,ns3.hyp.net
invest.kommune.no,14400.0,IN,NS,ns1.hyp.net
invest.kommune.no,14400.0,IN,NS,ns2.hyp.net
invest.kommune.no,14400.0,IN,NS,ns3.hyp.net
iveland.kommune.no,14400.0,IN,NS,dns01.tdc.no
iveland.kommune.no,14400.0,IN,NS,dns02.tdc.no
jevnaker.kommune.no,14400.0,IN,NS,ns1.nextra.no
jevnaker.kommune.no,14400.0,IN,NS,ns2.nextra.no
jolster.kommune.no,14400.0,IN,NS,ns1-auth.enivest.net
jolster.kommune.no,14400.0,IN,NS,ns2-auth.enivest.net
jondal.kommune.no,14400.0,IN,NS,ns2.acos.no
jondal.kommune.no,14400.0,IN,NS,ns1.acos.no
kafjord.kommune.no,14400.0,IN,NS,h4.nsltd.com
kafjord.kommune.no,14400.0,IN,NS,f4.nsltd.com
kafjord.kommune.no,14400.0,IN,NS,a4.nsltd.com
kafjord.kommune.no,14400.0,IN,NS,g4.nsltd.com
karasjok.kommune.no,14400.0,IN,NS,ns.trollnet.no
karasjok.kommune.no,14400.0,IN,NS,ns1.react.no
karlsoy.kommune.no,14400.0,IN,NS,ns4.eonisp.net
karlsoy.kommune.no,14400.0,IN,NS,ns5.eonisp.net
karlsoy.kommune.no,14400.0,IN,NS,ns6.eonisp.net
karmoy.kommune.no,14400.0,IN,NS,ns-foo.linpro.net
karmoy.kommune.no,14400.0,IN,NS,ns1.karmoy.kommune.no
kautokeino.kommune.no,14400.0,IN,NS,ns1.itum.com
kautokeino.kommune.no,14400.0,IN,NS,ns2.itum.com
klabu.kommune.no,14400.0,IN,NS,nidaros1.driftsparken.no
klabu.kommune.no,14400.0,IN,NS,pingvin1.driftsparken.no
klepp.kommune.no,14400.0,IN,NS,dns02.tdc.no
klepp.kommune.no,14400.0,IN,NS,dns01.tdc.no
kongsberg.kommune.no,14400.0,IN,NS,ns2.nextra.no
kongsberg.kommune.no,14400.0,IN,NS,ns1.nextra.no
kongsvinger.kommune.no,14400.0,IN,NS,ns6.eonisp.net
kongsvinger.kommune.no,14400.0,IN,NS,ns4.eonisp.net
kongsvinger.kommune.no,14400.0,IN,NS,ns5.eonisp.net
kragero.kommune.no,14400.0,IN,NS,ns1.hyp.net
kragero.kommune.no,14400.0,IN,NS,ns2.hyp.net
kragero.kommune.no,14400.0,IN,NS,ns3.hyp.net
kristiansand.kommune.no,14400.0,IN,NS,ns1.hyp.net
kristiansand.kommune.no,14400.0,IN,NS,ns2.hyp.net
kristiansand.kommune.no,14400.0,IN,NS,ns3.hyp.net
kristiansund.kommune.no,14400.0,IN,NS,ns2.nextra.no
kristiansund.kommune.no,14400.0,IN,NS,ns1.nextra.no
krodsherad.kommune.no,14400.0,IN,NS,ns2.itum.com
krodsherad.kommune.no,14400.0,IN,NS,ns1.itum.com
kvafjord.kommune.no,14400.0,IN,NS,ns1.hyp.net
kvafjord.kommune.no,14400.0,IN,NS,ns3.hyp.net
kvafjord.kommune.no,14400.0,IN,NS,ns2.hyp.net
kvalsund.kommune.no,14400.0,IN,NS,alpha.barentsnett.no
kvalsund.kommune.no,14400.0,IN,NS,barentsweb.barentsnett.no
kvam.kommune.no,14400.0,IN,NS,dfvoss1.dform.no
kvam.kommune.no,14400.0,IN,NS,dfvoss3.dform.no
kvanangen.kommune.no,14400.0,IN,NS,ns.trollnet.no
kvanangen.kommune.no,14400.0,IN,NS,ns1.react.no
kvinesdal.kommune.no,14400.0,IN,NS,dns01.tdc.no
kvinesdal.kommune.no,14400.0,IN,NS,dns02.tdc.no
kvinnherad.kommune.no,14400.0,IN,NS,ns1.hyp.net
kvinnherad.kommune.no,14400.0,IN,NS,ns3.hyp.net
kvinnherad.kommune.no,14400.0,IN,NS,ns2.hyp.net
kviteseid.kommune.no,300.0,IN,NS,ns.dataservice.no
kviteseid.kommune.no,300.0,IN,NS,ns1.dataservice.no
kvitsoy.kommune.no,14400.0,IN,NS,ns.randaberg.kommune.no
kvitsoy.kommune.no,14400.0,IN,NS,ns1.lyse.net
kvitsoy.kommune.no,14400.0,IN,NS,ns2.lyse.net
laerdal.kommune.no,14400.0,IN,NS,ns.fastname.no
laerdal.kommune.no,14400.0,IN,NS,ns2.fastname.no
lardal.kommune.no,14400.0,IN,NS,ns1.hyp.net
lardal.kommune.no,14400.0,IN,NS,ns2.hyp.net
lardal.kommune.no,14400.0,IN,NS,ns3.hyp.net
larvik.kommune.no,14400.0,IN,NS,ns3.hyp.net
larvik.kommune.no,14400.0,IN,NS,ns2.hyp.net
larvik.kommune.no,14400.0,IN,NS,ns1.hyp.net
lavangen.kommune.no,14400.0,IN,NS,dns1.itet.no
lavangen.kommune.no,14400.0,IN,NS,dns2.itet.no
lebesby.kommune.no,14400.0,IN,NS,ns.trollnet.no
lebesby.kommune.no,14400.0,IN,NS,ns1.react.no
leikanger.kommune.no,14400.0,IN,NS,ns1.sfj.no
leikanger.kommune.no,14400.0,IN,NS,ns2.sfj.no
leirfjord.kommune.no,14400.0,IN,NS,ns2.hyp.net
leirfjord.kommune.no,14400.0,IN,NS,ns3.hyp.net
leirfjord.kommune.no,14400.0,IN,NS,ns1.hyp.net
leka.kommune.no,14400.0,IN,NS,ns3.hyp.net
leka.kommune.no,14400.0,IN,NS,ns1.hyp.net
leka.kommune.no,14400.0,IN,NS,ns2.hyp.net
leksvik.kommune.no,14400.0,IN,NS,ns2.vitnett.no
leksvik.kommune.no,14400.0,IN,NS,ns1.vitnett.no
lenvik.kommune.no,14400.0,IN,NS,dns4.bedsys.net
lenvik.kommune.no,14400.0,IN,NS,dns3.bedsys.net
lenvik.kommune.no,14400.0,IN,NS,dns.bedsys.net
lenvik.kommune.no,14400.0,IN,NS,dns2.bedsys.net
lesja.kommune.no,14400.0,IN,NS,j4.nstld.com
lesja.kommune.no,14400.0,IN,NS,l4.nstld.com
levanger.kommune.no,14400.0,IN,NS,ns2.levanger.kommune.no
levanger.kommune.no,14400.0,IN,NS,ns1.levanger.kommune.no
lier.kommune.no,14400.0,IN,NS,dns11.activeisp.com
lier.kommune.no,14400.0,IN,NS,dns12.activeisp.com
lier.kommune.no,14400.0,IN,NS,dns10.activeisp.com
lierne.kommune.no,14400.0,IN,NS,ns1.hyp.net
lierne.kommune.no,14400.0,IN,NS,ns2.hyp.net
lierne.kommune.no,14400.0,IN,NS,ns3.hyp.net
lillehammer.kommune.no,14400.0,IN,NS,ns1.nextra.no
lillehammer.kommune.no,14400.0,IN,NS,ns2.nextra.no
lillesand.kommune.no,14400.0,IN,NS,dns01.tdc.no
lillesand.kommune.no,14400.0,IN,NS,dns02.tdc.no
lindas.kommune.no,14400.0,IN,NS,ns4.eonisp.net
lindas.kommune.no,14400.0,IN,NS,ns6.eonisp.net
lindas.kommune.no,14400.0,IN,NS,ns5.eonisp.net
lindesnes.kommune.no,14400.0,IN,NS,dns02.tdc.no
lindesnes.kommune.no,14400.0,IN,NS,dns01.tdc.no
lodingen.kommune.no,14400.0,IN,NS,dns3.as2116.net
lodingen.kommune.no,14400.0,IN,NS,dns1.as2116.net
lodingen.kommune.no,14400.0,IN,NS,dns2.as2116.net
lom.kommune.no,14400.0,IN,NS,g4.nstld.com
lom.kommune.no,14400.0,IN,NS,a4.nstld.com
lom.kommune.no,14400.0,IN,NS,f4.nstld.com
loppa.kommune.no,14400.0,IN,NS,alpha.barentsnett.no
loppa.kommune.no,14400.0,IN,NS,barentsweb.barentsnett.no
lorenskog.kommune.no,14400.0,IN,NS,dns3.as2116.net
lorenskog.kommune.no,14400.0,IN,NS,dns2.as2116.net
lorenskog.kommune.no,14400.0,IN,NS,dns1.as2116.net
loten.kommune.no,14400.0,IN,NS,ns5.eonisp.net
loten.kommune.no,14400.0,IN,NS,ns6.eonisp.net
loten.kommune.no,14400.0,IN,NS,ns4.eonisp.net
lund.kommune.no,14400.0,IN,NS,dns01.tdc.no
lund.kommune.no,14400.0,IN,NS,dns02.tdc.no
lunner.kommune.no,14400.0,IN,NS,ns2.hyp.net
lunner.kommune.no,14400.0,IN,NS,ns1.hyp.net
lunner.kommune.no,14400.0,IN,NS,ns3.hyp.net
luroy.kommune.no,14400.0,IN,NS,dns1.itet.no
luroy.kommune.no,14400.0,IN,NS,dns2.itet.no
luster.kommune.no,14400.0,IN,NS,rh2.jostedal.no
luster.kommune.no,14400.0,IN,NS,rh3.jostedal.no
luster.kommune.no,14400.0,IN,NS,rh4.jostedal.no
lyngdal.kommune.no,14400.0,IN,NS,ns1.shn.no
lyngdal.kommune.no,14400.0,IN,NS,ns2.shn.no
lyngdal.kommune.no,14400.0,IN,NS,ns3.shn.no
lyngen.kommune.no,14400.0,IN,NS,ns1.nameserveren.com
lyngen.kommune.no,14400.0,IN,NS,ns2.nameserveren.com
malselv.kommune.no,14400.0,IN,NS,dns2.bsn.bedsys.no
malselv.kommune.no,14400.0,IN,NS,dns4.bsn.bedsys.no
malselv.kommune.no,14400.0,IN,NS,dns.bsn.bedsys.no
malselv.kommune.no,14400.0,IN,NS,dns3.bsn.bedsys.no
malvik.kommune.no,14400.0,IN,NS,pingvin1.driftsparken.no
malvik.kommune.no,14400.0,IN,NS,nidaros1.driftsparken.no
mandal.kommune.no,14400.0,IN,NS,dns01.tdc.no
mandal.kommune.no,14400.0,IN,NS,dns02.tdc.no
marker.kommune.no,14400.0,IN,NS,ns1.halden.net
marker.kommune.no,14400.0,IN,NS,ns2.halden.net
marnardal.kommune.no,14400.0,IN,NS,dns01.tdc.no
marnardal.kommune.no,14400.0,IN,NS,dns02.tdc.no
masfjorden.kommune.no,14400.0,IN,NS,ns1.hyp.net
masfjorden.kommune.no,14400.0,IN,NS,ns2.hyp.net
masfjorden.kommune.no,14400.0,IN,NS,ns3.hyp.net
masoy.kommune.no,14400.0,IN,NS,ns.trollnet.no
masoy.kommune.no,14400.0,IN,NS,ns1.react.no
meland.kommune.no,14400.0,IN,NS,ns6.eonisp.net
meland.kommune.no,14400.0,IN,NS,ns4.eonisp.net
meland.kommune.no,14400.0,IN,NS,ns5.eonisp.net
meldal.kommune.no,14400.0,IN,NS,dns3.as2116.net
meldal.kommune.no,14400.0,IN,NS,dns1.as2116.net
meldal.kommune.no,14400.0,IN,NS,dns2.as2116.net
melhus.kommune.no,300.0,IN,NS,pingvin.trondernett.no
melhus.kommune.no,300.0,IN,NS,nidaros1.driftsparken.no
meloy.kommune.no,14400.0,IN,NS,dns2.signal.no
meloy.kommune.no,14400.0,IN,NS,dns1.signal.no
meraker.kommune.no,14400.0,IN,NS,nidaros1.driftsparken.no
meraker.kommune.no,14400.0,IN,NS,pingvin1.driftsparken.no
midsund.kommune.no,14400.0,IN,NS,ns2.mimer.no
midsund.kommune.no,14400.0,IN,NS,ns.mimer.no
midtre-gauldal.kommune.no,14400.0,IN,NS,a4.nstld.com
midtre-gauldal.kommune.no,14400.0,IN,NS,f4.nstld.com
midtre-gauldal.kommune.no,14400.0,IN,NS,g4.nstld.com
midtre-gauldal.kommune.no,14400.0,IN,NS,l4.nstld.com
modalen.kommune.no,14400.0,IN,NS,lin.dataguard.no
modalen.kommune.no,14400.0,IN,NS,eject.dataguard.no
modalen.kommune.no,14400.0,IN,NS,josva.dataguard.no
modum.kommune.no,14400.0,IN,NS,ns2.nextra.no
modum.kommune.no,14400.0,IN,NS,ns1.nextra.no
molde.kommune.no,14400.0,IN,NS,dns3.as2116.net
molde.kommune.no,14400.0,IN,NS,dns1.as2116.net
molde.kommune.no,14400.0,IN,NS,dns2.as2116.net
moskenes.kommune.no,14400.0,IN,NS,ns2.hyp.net
moskenes.kommune.no,14400.0,IN,NS,ns3.hyp.net
moskenes.kommune.no,14400.0,IN,NS,ns1.hyp.net
moss.kommune.no,14400.0,IN,NS,ns4.eonisp.net
moss.kommune.no,14400.0,IN,NS,ns5.eonisp.net
moss.kommune.no,14400.0,IN,NS,ns6.eonisp.net
mosvik.kommune.no,14400.0,IN,NS,ns1.vitnett.no
mosvik.kommune.no,14400.0,IN,NS,ns2.vitnett.no
namdalseid.kommune.no,14400.0,IN,NS,ns.edb.com
namdalseid.kommune.no,14400.0,IN,NS,ns2.edb.com
namdalseid.kommune.no,14400.0,IN,NS,ns4.edb.com
namdalseid.kommune.no,14400.0,IN,NS,ns1.edb.com
namsos.kommune.no,14400.0,IN,NS,ns2.hyp.net
namsos.kommune.no,14400.0,IN,NS,ns1.hyp.net
namsos.kommune.no,14400.0,IN,NS,ns3.hyp.net
namsskogan.kommune.no,14400.0,IN,NS,ns3.hyp.net
namsskogan.kommune.no,14400.0,IN,NS,ns1.hyp.net
namsskogan.kommune.no,14400.0,IN,NS,ns2.hyp.net
nannestad.kommune.no,14400.0,IN,NS,dns.dgi.no
nannestad.kommune.no,14400.0,IN,NS,dns02.tdc.no
naroy.kommune.no,14400.0,IN,NS,ns2.nextra.no
naroy.kommune.no,14400.0,IN,NS,ns1.nextra.no
narvik.kommune.no,14400.0,IN,NS,ns.narvik.kommune.no
narvik.kommune.no,14400.0,IN,NS,ns2.narvik.kommune.no
naustdal.kommune.no,14400.0,IN,NS,ns1-auth.enivest.net
naustdal.kommune.no,14400.0,IN,NS,ns2-auth.enivest.net
nedre-eiker.kommune.no,14400.0,IN,NS,ns02.prioritytelecom.no
nedre-eiker.kommune.no,14400.0,IN,NS,ns01.hs.hafslundit.net
nes-ak.kommune.no,14400.0,IN,NS,dns.dgi.no
nes-ak.kommune.no,14400.0,IN,NS,dns02.tdc.no
nes-bu.kommune.no,14400.0,IN,NS,dns3.as2116.net
nes-bu.kommune.no,14400.0,IN,NS,dns2.as2116.net
nes-bu.kommune.no,14400.0,IN,NS,dns1.as2116.net
nesna.kommune.no,14400.0,IN,NS,a4.nstld.com
nesna.kommune.no,14400.0,IN,NS,f4.nstld.com
nesna.kommune.no,14400.0,IN,NS,g4.nstld.com
nesna.kommune.no,14400.0,IN,NS,h4.nstld.com
nesna.kommune.no,14400.0,IN,NS,j4.nstld.com
nesna.kommune.no,14400.0,IN,NS,l4.nstld.com
nesodden.kommune.no,14400.0,IN,NS,dns3.as2116.net
nesodden.kommune.no,14400.0,IN,NS,dns1.as2116.net
nesodden.kommune.no,14400.0,IN,NS,dns2.as2116.net
nesseby.kommune.no,14400.0,IN,NS,alpha.barentsnett.no
nesseby.kommune.no,14400.0,IN,NS,barentsweb.barentsnett.no
nesset.kommune.no,14400.0,IN,NS,ns1.sucom.no
nesset.kommune.no,14400.0,IN,NS,ns2.sucom.no
nissedal.kommune.no,300.0,IN,NS,ns.datacenter.no
nissedal.kommune.no,300.0,IN,NS,ns2.datacenter.no
nittedal.kommune.no,14400.0,IN,NS,uniweb.eletron.no
nittedal.kommune.no,14400.0,IN,NS,elektronweb.elektron.no
nome.kommune.no,14400.0,IN,NS,ns1.acos.no
nome.kommune.no,14400.0,IN,NS,ns2.acos.no
nord-aurdal.kommune.no,14400.0,IN,NS,dns1.ewse.net
nord-aurdal.kommune.no,14400.0,IN,NS,dns2.ewse.net
nord-aurdal.kommune.no,14400.0,IN,NS,dns3.ewse.net
nord-fron.kommune.no,14400.0,IN,NS,ns1.acos.no
nord-fron.kommune.no,14400.0,IN,NS,ns2.acos.no
nord-odal.kommune.no,14400.0,IN,NS,ns4.eonisp.net
nord-odal.kommune.no,14400.0,IN,NS,ns5.eonisp.net
nord-odal.kommune.no,14400.0,IN,NS,ns6.eonisp.net
norddal.kommune.no,14400.0,IN,NS,ns1.esunnmore.no
norddal.kommune.no,14400.0,IN,NS,ns2.esunnmore.no
nordkapp.kommune.no,14400.0,IN,NS,ns.trollnet.no
nordkapp.kommune.no,14400.0,IN,NS,ns1.react.no
nordland-f.kommune.no,14400.0,IN,NS,dns2.itet.no
nordland-f.kommune.no,14400.0,IN,NS,dns1.itet.no
nordre-land.kommune.no,14400.0,IN,NS,ns5.eonisp.net
nordre-land.kommune.no,14400.0,IN,NS,ns6.eonisp.net
nordre-land.kommune.no,14400.0,IN,NS,ns4.eonisp.net
nordreisa.kommune.no,14400.0,IN,NS,ns.trollnet.no
nordreisa.kommune.no,14400.0,IN,NS,ns1.react.no
nore-og-uvdal.kommune.no,14400.0,IN,NS,ns1.itum.com
nore-og-uvdal.kommune.no,14400.0,IN,NS,ns2.itum.com
notodden.kommune.no,14400.0,IN,NS,ns2.nextra.no
notodden.kommune.no,14400.0,IN,NS,ns1.nextra.no
notteroy.kommune.no,14400.0,IN,NS,ns01.hs.hafslundit.net
notteroy.kommune.no,14400.0,IN,NS,ns02.prioritytelecom.no
odda.kommune.no,14400.0,IN,NS,ns2.hyp.net
odda.kommune.no,14400.0,IN,NS,ns3.hyp.net
odda.kommune.no,14400.0,IN,NS,ns1.hyp.net
oksnes.kommune.no,14400.0,IN,NS,ns1.proisp.no
oksnes.kommune.no,14400.0,IN,NS,ns2.proisp.no
olen.kommune.no,14400.0,IN,NS,ns2.acos.no
olen.kommune.no,14400.0,IN,NS,ns1.acos.no
oppdal.kommune.no,14400.0,IN,NS,ns2.vitnett.no
oppdal.kommune.no,14400.0,IN,NS,ns1.vitnett.no
oppegard.kommune.no,14400.0,IN,NS,ns2.stwadmin.net
oppegard.kommune.no,14400.0,IN,NS,ns1.stwadmin.net
oppland-f.kommune.no,14400.0,IN,NS,ns4.eonisp.net
oppland-f.kommune.no,14400.0,IN,NS,ns5.eonisp.net
oppland-f.kommune.no,14400.0,IN,NS,ns6.eonisp.net
orkdal.kommune.no,14400.0,IN,NS,bbsrv3.loqal.no
orkdal.kommune.no,14400.0,IN,NS,bbsrv5.loqal.no
orland.kommune.no,14400.0,IN,NS,ns1.vitnett.no
orland.kommune.no,14400.0,IN,NS,ns2.vitnett.no
orskog.kommune.no,14400.0,IN,NS,ns1.esunnmore.no
orskog.kommune.no,14400.0,IN,NS,ns2.esunnmore.no
orsta.kommune.no,14400.0,IN,NS,ns.mimer.no
orsta.kommune.no,14400.0,IN,NS,ns2.mimer.no
os.kommune.no,14400.0,IN,NS,ns1.rev.no
os.kommune.no,14400.0,IN,NS,ns2.rev.no
os-ho.kommune.no,14400.0,IN,NS,ns2.fastname.no
os-ho.kommune.no,14400.0,IN,NS,ns.fastname.no
osen.kommune.no,14400.0,IN,NS,ns1.vitnett.no
osen.kommune.no,14400.0,IN,NS,ns2.vitnett.no
oslo.kommune.no,300.0,IN,NS,dns02.tdc.no
oslo.kommune.no,300.0,IN,NS,ns-ext1.oslo.kommune.no
oslo.kommune.no,300.0,IN,NS,ns-ext2.oslo.kommune.no
oslo.kommune.no,300.0,IN,NS,dns01.tdc.no
osteroy.kommune.no,14400.0,IN,NS,ns4.eonisp.net
osteroy.kommune.no,14400.0,IN,NS,ns6.eonisp.net
osteroy.kommune.no,14400.0,IN,NS,ns5.eonisp.net
ostfold-f.kommune.no,14400.0,IN,NS,nn.uninett.no
ostfold-f.kommune.no,14400.0,IN,NS,ns.ostfold-f.kommune.no
ostre-toten.kommune.no,14400.0,IN,NS,deep.lakenet.no
ostre-toten.kommune.no,14400.0,IN,NS,kate.lakenet.no
overhalla.kommune.no,14400.0,IN,NS,ns2.nextra.no
overhalla.kommune.no,14400.0,IN,NS,ns1.nextra.no
ovre-eiker.kommune.no,14400.0,IN,NS,ns2.nextra.no
ovre-eiker.kommune.no,14400.0,IN,NS,ns1.nextra.no
oyer.kommune.no,14400.0,IN,NS,dns3.as2116.net
oyer.kommune.no,14400.0,IN,NS,dns1.as2116.net
oyer.kommune.no,14400.0,IN,NS,dns2.as2116.net
oygarden.kommune.no,14400.0,IN,NS,ns.itbase.com
oygarden.kommune.no,14400.0,IN,NS,ns.itbase.no
oystre-slidre.kommune.no,14400.0,IN,NS,dns1.ewse.net
oystre-slidre.kommune.no,14400.0,IN,NS,dns2.ewse.net
oystre-slidre.kommune.no,14400.0,IN,NS,dns3.ewse.net
plansak.kommune.no,14400.0,IN,NS,dns.oslonett.no
plansak.kommune.no,14400.0,IN,NS,ns.equant.no
porsanger.kommune.no,14400.0,IN,NS,dns1.nsn.no
porsanger.kommune.no,14400.0,IN,NS,dns2.nsn.no
porsgrunn.kommune.no,14400.0,IN,NS,dns01.tdc.no
porsgrunn.kommune.no,14400.0,IN,NS,dns02.tdc.no
rade.kommune.no,14400.0,IN,NS,ns2.nextra.no
rade.kommune.no,14400.0,IN,NS,ns1.nextra.no
radoy.kommune.no,14400.0,IN,NS,dns2.siteman.no
radoy.kommune.no,14400.0,IN,NS,dns1.siteman.no
rakkestad.kommune.no,14400.0,IN,NS,ns.edb.com
rakkestad.kommune.no,14400.0,IN,NS,ns1.edb.com
rakkestad.kommune.no,14400.0,IN,NS,ns2.edb.com
rakkestad.kommune.no,14400.0,IN,NS,ns4.edb.com
ralingen.kommune.no,14400.0,IN,NS,ns4.eonisp.net
ralingen.kommune.no,14400.0,IN,NS,ns5.eonisp.net
ralingen.kommune.no,14400.0,IN,NS,ns6.eonisp.net
rana.kommune.no,14400.0,IN,NS,ns2.nextra.no
rana.kommune.no,14400.0,IN,NS,ns1.nextra.no
randaberg.kommune.no,14400.0,IN,NS,ns.randaberg.kommune.no
randaberg.kommune.no,14400.0,IN,NS,ns1.lyse.net
randaberg.kommune.no,14400.0,IN,NS,ns2.lyse.net
rauma.kommune.no,14400.0,IN,NS,dns-hosting-01.hatteland.com
rauma.kommune.no,14400.0,IN,NS,dns-hosting-02.hatteland.com
re.kommune.no,14400.0,IN,NS,ns2.hyp.net
re.kommune.no,14400.0,IN,NS,ns3.hyp.net
re.kommune.no,14400.0,IN,NS,ns1.hyp.net
rendalen.kommune.no,14400.0,IN,NS,ns.fastname.no
rendalen.kommune.no,14400.0,IN,NS,ns2.fastname.no
rennebu.kommune.no,14400.0,IN,NS,bbsrv5.loqal.no
rennebu.kommune.no,14400.0,IN,NS,bbsrv3.loqal.no
rennesoy.kommune.no,14400.0,IN,NS,ns1.lyse.net
rennesoy.kommune.no,14400.0,IN,NS,ns2.lyse.net
rennesoy.kommune.no,14400.0,IN,NS,ns1.stavanger.kommune.no
rindal.kommune.no,14400.0,IN,NS,ns1.acos.no
rindal.kommune.no,14400.0,IN,NS,ns2.acos.no
ringebu.kommune.no,14400.0,IN,NS,ns4.eonisp.net
ringebu.kommune.no,14400.0,IN,NS,ns6.eonisp.net
ringebu.kommune.no,14400.0,IN,NS,ns5.eonisp.net
ringerike.kommune.no,14400.0,IN,NS,ns1.hyp.net
ringerike.kommune.no,14400.0,IN,NS,ns2.hyp.net
ringerike.kommune.no,14400.0,IN,NS,ns3.hyp.net
ringsaker.kommune.no,14400.0,IN,NS,josva.dataguard.no
ringsaker.kommune.no,14400.0,IN,NS,lin.dataguard.no
ringsaker.kommune.no,14400.0,IN,NS,eject.dataguard.no
risor.kommune.no,14400.0,IN,NS,dns01.tdc.no
risor.kommune.no,14400.0,IN,NS,dns02.tdc.no
rissa.kommune.no,14400.0,IN,NS,ns2.vitnett.no
rissa.kommune.no,14400.0,IN,NS,ns1.vitnett.no
roan.kommune.no,14400.0,IN,NS,ns2.vitnett.no
roan.kommune.no,14400.0,IN,NS,ns1.vitnett.no
rodoy.kommune.no,14400.0,IN,NS,ns3.hyp.net
rodoy.kommune.no,14400.0,IN,NS,ns1.hyp.net
rodoy.kommune.no,14400.0,IN,NS,ns2.hyp.net
rogaland-f.kommune.no,14400.0,IN,NS,dns02.tdc.no
rogaland-f.kommune.no,14400.0,IN,NS,ns.rogfk.no
ns.rogaland-f.kommune.no,14400.0,IN,A,152.93.253.5
rollag.kommune.no,14400.0,IN,NS,ns1.itum.com
rollag.kommune.no,14400.0,IN,NS,ns2.itum.com
romskog.kommune.no,14400.0,IN,NS,ns1.halden.net
romskog.kommune.no,14400.0,IN,NS,ns2.halden.net
roros.kommune.no,14400.0,IN,NS,dns1.rev.no
roros.kommune.no,14400.0,IN,NS,dns2.rev.no
rost.kommune.no,14400.0,IN,NS,dns1.itet.no
rost.kommune.no,14400.0,IN,NS,dns2.itet.no
royken.kommune.no,14400.0,IN,NS,k4.nstld.com
royken.kommune.no,14400.0,IN,NS,h4.nstld.com
royken.kommune.no,14400.0,IN,NS,a4.nstld.com
royken.kommune.no,14400.0,IN,NS,l4.nstld.com
royken.kommune.no,14400.0,IN,NS,j4.nstld.com
royken.kommune.no,14400.0,IN,NS,g4.nstld.com
royken.kommune.no,14400.0,IN,NS,f4.nstld.com
royrvik.kommune.no,14400.0,IN,NS,ns1.hyp.net
royrvik.kommune.no,14400.0,IN,NS,ns2.hyp.net
royrvik.kommune.no,14400.0,IN,NS,ns3.hyp.net
rygge.kommune.no,14400.0,IN,NS,ns4.eonisp.net
rygge.kommune.no,14400.0,IN,NS,ns6.eonisp.net
rygge.kommune.no,14400.0,IN,NS,ns5.eonisp.net
salangen.kommune.no,14400.0,IN,NS,josva.dataguard.no
salangen.kommune.no,14400.0,IN,NS,lin.dataguard.no
salangen.kommune.no,14400.0,IN,NS,eject.dataguard.no
saltdal.kommune.no,14400.0,IN,NS,ns3.nh-dns.net
saltdal.kommune.no,14400.0,IN,NS,ns4.nh-dns.net
samnanger.kommune.no,14400.0,IN,NS,ns1.nameserveren.com
samnanger.kommune.no,14400.0,IN,NS,ns2.nameserveren.com
samnanger.kommune.no,14400.0,IN,NS,ns3.nameserveren.com
sande-mr.kommune.no,14400.0,IN,NS,ns2.nextra.no
sande-mr.kommune.no,14400.0,IN,NS,ns1.nextra.no
sande-ve.kommune.no,14400.0,IN,NS,a4.nstld.com
sande-ve.kommune.no,14400.0,IN,NS,f4.nstld.com
sande-ve.kommune.no,14400.0,IN,NS,g4.nstld.com
sande-ve.kommune.no,14400.0,IN,NS,h4.nstld.com
sande-ve.kommune.no,14400.0,IN,NS,j4.nstld.com
sande-ve.kommune.no,14400.0,IN,NS,k4.nstld.com
sande-ve.kommune.no,14400.0,IN,NS,l4.nstld.com
sandefjord.kommune.no,14400.0,IN,NS,ns2.sfjkom.no
sandefjord.kommune.no,14400.0,IN,NS,ns1.sfjkom.no
sandnes.kommune.no,14400.0,IN,NS,dns01.tdc.no
sandnes.kommune.no,14400.0,IN,NS,dns02.tdc.no
sandoy.kommune.no,14400.0,IN,NS,ns1.esunnmore.no
sandoy.kommune.no,14400.0,IN,NS,ns2.esunnmore.no
sarpsborg.kommune.no,14400.0,IN,NS,nameit1.sarpsborg.com
sarpsborg.kommune.no,14400.0,IN,NS,nameit2.sarpsborg.com
sauda.kommune.no,14400.0,IN,NS,ns1.acos.no
sauda.kommune.no,14400.0,IN,NS,n2.acos.no
sauda.kommune.no,14400.0,IN,NS,ns2.acos.no
sauherad.kommune.no,14400.0,IN,NS,ns3.acos.no
sauherad.kommune.no,14400.0,IN,NS,ns1.acos.no
sauherad.kommune.no,14400.0,IN,NS,ns2.acos.no
sel.kommune.no,14400.0,IN,NS,a4.nstld.com
sel.kommune.no,14400.0,IN,NS,f4.nstld.com
sel.kommune.no,14400.0,IN,NS,h4.nstld.com
sel.kommune.no,14400.0,IN,NS,j4.nstld.com
sel.kommune.no,14400.0,IN,NS,k4.nstld.com
sel.kommune.no,14400.0,IN,NS,l4.nstld.com
sel.kommune.no,14400.0,IN,NS,g4.nstld.com
selbu.kommune.no,14400.0,IN,NS,nidaros1.driftsparken.no
selbu.kommune.no,14400.0,IN,NS,pingvin1.driftsparken.no
selje.kommune.no,14400.0,IN,NS,ns2.nextra.no
selje.kommune.no,14400.0,IN,NS,ns1.nextra.no
seljord.kommune.no,300.0,IN,NS,ns.datacenter.no
seljord.kommune.no,300.0,IN,NS,ns1.datacenter.no
sf-f.kommune.no,14400.0,IN,NS,ns2.sfj.no
sf-f.kommune.no,14400.0,IN,NS,ns1.sfj.no
sigdal.kommune.no,14400.0,IN,NS,dns1.eunet.no
sigdal.kommune.no,14400.0,IN,NS,ns1.itum.com
siljan.kommune.no,14400.0,IN,NS,ns2.nextra.no
siljan.kommune.no,14400.0,IN,NS,ns1.nextra.no
sirdal.kommune.no,14400.0,IN,NS,ns3.shn.no
sirdal.kommune.no,14400.0,IN,NS,ns1.shn.no
sirdal.kommune.no,14400.0,IN,NS,ns2.shn.no
skanland.kommune.no,14400.0,IN,NS,ns1.hyp.net
skanland.kommune.no,14400.0,IN,NS,ns2.hyp.net
skanland.kommune.no,14400.0,IN,NS,ns3.hyp.net
skaun.kommune.no,14400.0,IN,NS,dns3.as2116.net
skaun.kommune.no,14400.0,IN,NS,dns2.as2116.net
skaun.kommune.no,14400.0,IN,NS,dns1.as2116.net
skedsmo.kommune.no,14400.0,IN,NS,dns1.skedsmoskolen.no
skedsmo.kommune.no,14400.0,IN,NS,dns2.skedsmoskolen.no
ski.kommune.no,14400.0,IN,NS,ns3.isphuset.no
ski.kommune.no,14400.0,IN,NS,ns4.isphuset.no
ski.kommune.no,14400.0,IN,NS,ns2.isphuset.no
ski.kommune.no,14400.0,IN,NS,ns1.isphuset.no
skien.kommune.no,14400.0,IN,NS,dns01.tdc.no
skien.kommune.no,14400.0,IN,NS,dns02.tdc.no
skiptvet.kommune.no,14400.0,IN,NS,ns1.hyp.net
skiptvet.kommune.no,14400.0,IN,NS,ns2.hyp.net
skiptvet.kommune.no,14400.0,IN,NS,ns3.hyp.net
skjaak.kommune.no,14400.0,IN,NS,ns1.acos.no
skjaak.kommune.no,14400.0,IN,NS,ns2.acos.no
skjerstad.kommune.no,14400.0,IN,NS,ns.edb.com
skjerstad.kommune.no,14400.0,IN,NS,ns1.edb.com
skjerstad.kommune.no,14400.0,IN,NS,ns2.edb.com
skjerstad.kommune.no,14400.0,IN,NS,ns4.edb.com
skjervoy.kommune.no,14400.0,IN,NS,ns2.nextra.no
skjervoy.kommune.no,14400.0,IN,NS,ns1.nextra.no
skodje.kommune.no,14400.0,IN,NS,ns1.esunnmore.no
skodje.kommune.no,14400.0,IN,NS,ns2.esunnmore.no
smola.kommune.no,14400.0,IN,NS,ns1.sucom.no
smola.kommune.no,14400.0,IN,NS,ns2.sucom.no
snasa.kommune.no,14400.0,IN,NS,ns1.hyp.net
snasa.kommune.no,14400.0,IN,NS,ns2.hyp.net
snasa.kommune.no,14400.0,IN,NS,ns3.hyp.net
snillfjord.kommune.no,14400.0,IN,NS,ns.uk.prserv.net
snillfjord.kommune.no,14400.0,IN,NS,g4.nstld.com
snillfjord.kommune.no,14400.0,IN,NS,h4.nstld.com
snillfjord.kommune.no,14400.0,IN,NS,j4.nstld.com
snillfjord.kommune.no,14400.0,IN,NS,l4.nstld.com
snillfjord.kommune.no,14400.0,IN,NS,a4.nstld.com
snillfjord.kommune.no,14400.0,IN,NS,f4.nstld.com
sogndal.kommune.no,14400.0,IN,NS,dns3.as2116.net
sogndal.kommune.no,14400.0,IN,NS,dns1.as2116.net
sogndal.kommune.no,14400.0,IN,NS,dns2.as2116.net
sogne.kommune.no,14400.0,IN,NS,dns01.tdc.no
sogne.kommune.no,14400.0,IN,NS,dns02.tdc.no
sokndal.kommune.no,14400.0,IN,NS,dns01.tdc.no
sokndal.kommune.no,14400.0,IN,NS,dns02.tdc.no
sola.kommune.no,14400.0,IN,NS,ns2.securedomainservice.net
sola.kommune.no,14400.0,IN,NS,ns3.securedomainservice.net
sola.kommune.no,14400.0,IN,NS,ns1.securedomainservice.net
solund.kommune.no,14400.0,IN,NS,ns2-auth.enivest.net
solund.kommune.no,14400.0,IN,NS,ns1-auth.enivest.net
somna.kommune.no,14400.0,IN,NS,ns1.hyp.net
somna.kommune.no,14400.0,IN,NS,ns2.hyp.net
somna.kommune.no,14400.0,IN,NS,ns3.hyp.net
sondre-land.kommune.no,14400.0,IN,NS,ns4.eonisp.net
sondre-land.kommune.no,14400.0,IN,NS,ns5.eonisp.net
sondre-land.kommune.no,14400.0,IN,NS,ns6.eonisp.net
songdalen.kommune.no,14400.0,IN,NS,ns1.hyp.net
songdalen.kommune.no,14400.0,IN,NS,ns3.hyp.net
songdalen.kommune.no,14400.0,IN,NS,ns2.hyp.net
sor-aurdal.kommune.no,14400.0,IN,NS,dns1.ewse.net
sor-aurdal.kommune.no,14400.0,IN,NS,dns2.ewse.net
sor-aurdal.kommune.no,14400.0,IN,NS,dns3.ewse.net
sor-fron.kommune.no,14400.0,IN,NS,ns4.eonisp.net
sor-fron.kommune.no,14400.0,IN,NS,ns5.eonisp.net
sor-fron.kommune.no,14400.0,IN,NS,ns6.eonisp.net
sor-odal.kommune.no,14400.0,IN,NS,ns.east.no
sor-odal.kommune.no,14400.0,IN,NS,ns2.east.no
sor-varanger.kommune.no,14400.0,IN,NS,ns2.nextra.no
sor-varanger.kommune.no,14400.0,IN,NS,ns1.nextra.no
sorfold.kommune.no,14400.0,IN,NS,ns.edb.com
sorfold.kommune.no,14400.0,IN,NS,ns1.edb.com
sorfold.kommune.no,14400.0,IN,NS,ns2.edb.com
sorfold.kommune.no,14400.0,IN,NS,ns4.edb.com
sorreisa.kommune.no,14400.0,IN,NS,ns1.hyp.net
sorreisa.kommune.no,14400.0,IN,NS,ns2.hyp.net
sorreisa.kommune.no,14400.0,IN,NS,ns3.hyp.net
sortland.kommune.no,14400.0,IN,NS,lin.dataguard.no
sortland.kommune.no,14400.0,IN,NS,josva.dataguard.no
sortland.kommune.no,14400.0,IN,NS,eject.dataguard.no
sorum.kommune.no,14400.0,IN,NS,a4.nstld.com
sorum.kommune.no,14400.0,IN,NS,f4.nstld.com
sorum.kommune.no,14400.0,IN,NS,g4.nstld.com
sorum.kommune.no,14400.0,IN,NS,h4.nstld.com
sorum.kommune.no,14400.0,IN,NS,j4.nstld.com
sorum.kommune.no,14400.0,IN,NS,k4.nstld.com
sorum.kommune.no,14400.0,IN,NS,l4.nstld.com
spydeberg.kommune.no,14400.0,IN,NS,ns1.hyp.net
spydeberg.kommune.no,14400.0,IN,NS,ns2.hyp.net
spydeberg.kommune.no,14400.0,IN,NS,ns3.hyp.net
st-f.kommune.no,14400.0,IN,NS,ns-zoo.linpro.net
st-f.kommune.no,14400.0,IN,NS,ns-foo.linpro.net
st-f.kommune.no,14400.0,IN,NS,ns-bar.linpro.net
stange.kommune.no,14400.0,IN,NS,ns5.eonisp.net
stange.kommune.no,14400.0,IN,NS,ns6.eonisp.net
stange.kommune.no,14400.0,IN,NS,ns4.eonisp.net
stavanger.kommune.no,14400.0,IN,NS,ns1.lyse.net
stavanger.kommune.no,14400.0,IN,NS,ns1.stavanger.kommune.no
stavanger.kommune.no,14400.0,IN,NS,ns2.lyse.net
steigen.kommune.no,14400.0,IN,NS,ns.narviknett.no
steigen.kommune.no,14400.0,IN,NS,ns2.narviknett.no
steinkjer.kommune.no,14400.0,IN,NS,ns1.hyp.net
steinkjer.kommune.no,14400.0,IN,NS,ns2.hyp.net
steinkjer.kommune.no,14400.0,IN,NS,ns3.hyp.net
stjordal.kommune.no,14400.0,IN,NS,nidaros1.driftsparken.no
stjordal.kommune.no,14400.0,IN,NS,pingvin1.driftsparken.no
stokke.kommune.no,14400.0,IN,NS,ns01.hs.hafslundit.net
stokke.kommune.no,14400.0,IN,NS,ns02.prioritytelecom.no
stor-elvdal.kommune.no,14400.0,IN,NS,nn.uninett.no
stor-elvdal.kommune.no,14400.0,IN,NS,bibsyst.bibsyst.no
stord.kommune.no,14400.0,IN,NS,ns1.hyp.net
stord.kommune.no,14400.0,IN,NS,ns2.hyp.net
stord.kommune.no,14400.0,IN,NS,ns3.hyp.net
stordal.kommune.no,14400.0,IN,NS,ns2.pcsupport.no
stordal.kommune.no,14400.0,IN,NS,ns.pcsupport.no
storfjord.kommune.no,14400.0,IN,NS,ns.trollnet.no
storfjord.kommune.no,14400.0,IN,NS,ns1.react.no
strand.kommune.no,14400.0,IN,NS,dns2.ewse.net
strand.kommune.no,14400.0,IN,NS,dns1.ewse.net
strand.kommune.no,14400.0,IN,NS,dns3.ewse.net
stranda.kommune.no,14400.0,IN,NS,ns1.acos.no
stranda.kommune.no,14400.0,IN,NS,ns2.acos.no
stryn.kommune.no,14400.0,IN,NS,ns2.nextra.no
stryn.kommune.no,14400.0,IN,NS,ns1.nextra.no
sula.kommune.no,14400.0,IN,NS,ns1.esunnmore.no
sula.kommune.no,14400.0,IN,NS,ns2.esunnmore.no
suldal.kommune.no,14400.0,IN,NS,ns2.nextra.no
suldal.kommune.no,14400.0,IN,NS,ns1.nextra.no
sund.kommune.no,14400.0,IN,NS,ns5.eonisp.net
sund.kommune.no,14400.0,IN,NS,ns6.eonisp.net
sund.kommune.no,14400.0,IN,NS,ns4.eonisp.net
sunndal.kommune.no,14400.0,IN,NS,ns1.sucom.no
sunndal.kommune.no,14400.0,IN,NS,ns2.sucom.no
surnadal.kommune.no,14400.0,IN,NS,ns1.nextra.no
surnadal.kommune.no,14400.0,IN,NS,ns2.nextra.no
sveio.kommune.no,14400.0,IN,NS,ns2.hyp.net
sveio.kommune.no,14400.0,IN,NS,ns1.hyp.net
sveio.kommune.no,14400.0,IN,NS,ns3.hyp.net
svelvik.kommune.no,14400.0,IN,NS,f4.nstld.com
svelvik.kommune.no,14400.0,IN,NS,g4.nstld.com
svelvik.kommune.no,14400.0,IN,NS,h4.nstld.com
svelvik.kommune.no,14400.0,IN,NS,j4.nstld.com
svelvik.kommune.no,14400.0,IN,NS,k4.nstld.com
svelvik.kommune.no,14400.0,IN,NS,l4.nstld.com
svelvik.kommune.no,14400.0,IN,NS,a4.nstld.com
sykkylven.kommune.no,14400.0,IN,NS,ns.pcsupport.no
sykkylven.kommune.no,14400.0,IN,NS,ns2.pcsupport.no
tana.kommune.no,14400.0,IN,NS,barentsweb.barentsnett.no
tana.kommune.no,14400.0,IN,NS,alpha.barentsnett.no
telemark-f.kommune.no,14400.0,IN,NS,dns01.tdc.no
telemark-f.kommune.no,14400.0,IN,NS,dns02.tdc.no
time.kommune.no,14400.0,IN,NS,dns01.tdc.no
time.kommune.no,14400.0,IN,NS,dns02.tdc.no
tingvoll.kommune.no,14400.0,IN,NS,ns2.sucom.no
tingvoll.kommune.no,14400.0,IN,NS,ns1.sucom.no
tinn.kommune.no,14400.0,IN,NS,ns.dataservice.no
tinn.kommune.no,14400.0,IN,NS,ns1.dataservice.no
tjeldsund.kommune.no,14400.0,IN,NS,dns1.hikt.no
tjeldsund.kommune.no,14400.0,IN,NS,dns2.hikt.no
tjeldsund.kommune.no,14400.0,IN,NS,dns4.hikt.no
tjome.kommune.no,14400.0,IN,NS,ns1.hyp.net
tjome.kommune.no,14400.0,IN,NS,ns2.hyp.net
tjome.kommune.no,14400.0,IN,NS,ns3.hyp.net
tokke.kommune.no,300.0,IN,NS,ns.dataservice.no
tokke.kommune.no,300.0,IN,NS,ns1.dataservice.no
tolga.kommune.no,14400.0,IN,NS,ns.fastname.no
tolga.kommune.no,14400.0,IN,NS,ns2.fastname.no
tonsberg.kommune.no,14400.0,IN,NS,ns1.hyp.net
tonsberg.kommune.no,14400.0,IN,NS,ns3.hyp.net
tonsberg.kommune.no,14400.0,IN,NS,ns2.hyp.net
torsken.kommune.no,14400.0,IN,NS,ns1.hyp.net
torsken.kommune.no,14400.0,IN,NS,ns2.hyp.net
torsken.kommune.no,14400.0,IN,NS,ns3.hyp.net
trana.kommune.no,14400.0,IN,NS,dns1.itet.no
trana.kommune.no,14400.0,IN,NS,dns2.itet.no
tranoy.kommune.no,14400.0,IN,NS,ns1.hyp.net
tranoy.kommune.no,14400.0,IN,NS,ns2.hyp.net
tranoy.kommune.no,14400.0,IN,NS,ns3.hyp.net
trogstad.kommune.no,14400.0,IN,NS,ns1.hyp.net
trogstad.kommune.no,14400.0,IN,NS,ns2.hyp.net
trogstad.kommune.no,14400.0,IN,NS,ns3.hyp.net
troms-f.kommune.no,14400.0,IN,NS,ns2.nextra.no
troms-f.kommune.no,14400.0,IN,NS,nn.uninett.no
troms-f.kommune.no,14400.0,IN,NS,lomvien.tromsfylke.no
troms-f.kommune.no,14400.0,IN,NS,lomvien.troms-f.kommune.no
lomvien.troms-f.kommune.no,14400.0,IN,A,193.215.89.200
tromso.kommune.no,14400.0,IN,NS,dns.bsn.bedsys.no
tromso.kommune.no,14400.0,IN,NS,dns2.bsn.bedsys.no
tromso.kommune.no,14400.0,IN,NS,dns3.bsn.bedsys.no
tromso.kommune.no,14400.0,IN,NS,dns4.bsn.bedsys.no
trondheim.kommune.no,14400.0,IN,NS,ns2.nextra.no
trondheim.kommune.no,14400.0,IN,NS,ns1.nextra.no
trysil.kommune.no,14400.0,IN,NS,dns.subnett.no
trysil.kommune.no,14400.0,IN,NS,dns2.subnett.no
tustna.kommune.no,14400.0,IN,NS,ns1.sucom.no
tustna.kommune.no,14400.0,IN,NS,ns2.sucom.no
tvedestrand.kommune.no,14400.0,IN,NS,dns01.tdc.no
tvedestrand.kommune.no,14400.0,IN,NS,dns02.tdc.no
tydal.kommune.no,14400.0,IN,NS,pingvin1.driftsparken.no
tydal.kommune.no,14400.0,IN,NS,nidaros1.driftsparken.no
tynset.kommune.no,14400.0,IN,NS,ns.fastname.no
tynset.kommune.no,14400.0,IN,NS,ns2.fastname.no
tysfjord.kommune.no,14400.0,IN,NS,ns1.nameserveren.com
tysfjord.kommune.no,14400.0,IN,NS,ns2.nameserveren.com
tysfjord.kommune.no,14400.0,IN,NS,ns3.nameserveren.com
tysnes.kommune.no,14400.0,IN,NS,ns1.hyp.net
tysnes.kommune.no,14400.0,IN,NS,ns2.hyp.net
tysnes.kommune.no,14400.0,IN,NS,ns3.hyp.net
tysver.kommune.no,14400.0,IN,NS,ns1.hyp.net
tysver.kommune.no,14400.0,IN,NS,ns2.hyp.net
tysver.kommune.no,14400.0,IN,NS,ns3.hyp.net
ullensaker.kommune.no,14400.0,IN,NS,dns.dgi.no
ullensaker.kommune.no,14400.0,IN,NS,dns02.tdc.no
ullensvang.kommune.no,14400.0,IN,NS,ns1.nextra.no
ullensvang.kommune.no,14400.0,IN,NS,ns2.nextra.no
ulstein.kommune.no,14400.0,IN,NS,ns2.mimer.no
ulstein.kommune.no,14400.0,IN,NS,ns.mimer.no
ulvik.kommune.no,3600.0,IN,NS,n3.dnsnet.no
ulvik.kommune.no,3600.0,IN,NS,n0.dnsnet.no
ulvik.kommune.no,3600.0,IN,NS,n1.dnsnet.no
ulvik.kommune.no,3600.0,IN,NS,n2.dnsnet.no
utsira.kommune.no,14400.0,IN,NS,ns3.hyp.net
utsira.kommune.no,14400.0,IN,NS,ns2.hyp.net
utsira.kommune.no,14400.0,IN,NS,ns1.hyp.net
vaaler-he.kommune.no,14400.0,IN,NS,ns4.eonisp.net
vaaler-he.kommune.no,14400.0,IN,NS,ns5.eonisp.net
vaaler-he.kommune.no,14400.0,IN,NS,ns6.eonisp.net
vadso.kommune.no,14400.0,IN,NS,ns3.bibsyst.no
vadso.kommune.no,14400.0,IN,NS,ns1.bibsyst.no
vaga.kommune.no,14400.0,IN,NS,ns1.itsor.no
vaga.kommune.no,14400.0,IN,NS,ns2.itsor.no
vagan.kommune.no,14400.0,IN,NS,ns1.hyp.net
vagan.kommune.no,14400.0,IN,NS,ns2.hyp.net
vagan.kommune.no,14400.0,IN,NS,ns3.hyp.net
vagsoy.kommune.no,14400.0,IN,NS,a4.nstld.com
vagsoy.kommune.no,14400.0,IN,NS,f4.nstld.com
vagsoy.kommune.no,14400.0,IN,NS,g4.nstld.com
vagsoy.kommune.no,14400.0,IN,NS,h4.nstld.com
vagsoy.kommune.no,14400.0,IN,NS,l4.nstld.com
vaksdal.kommune.no,14400.0,IN,NS,ns1.acos.no
vaksdal.kommune.no,14400.0,IN,NS,ns2.acos.no
valer-of.kommune.no,14400.0,IN,NS,ns1.nextra.no
valer-of.kommune.no,14400.0,IN,NS,ns2.nextra.no
valle.kommune.no,14400.0,IN,NS,dns02.tdc.no
valle.kommune.no,14400.0,IN,NS,dns01.tdc.no
vang.kommune.no,14400.0,IN,NS,dns1.ewse.net
vang.kommune.no,14400.0,IN,NS,dns3.ewse.net
vang.kommune.no,14400.0,IN,NS,dns2.ewse.net
vanylven.kommune.no,14400.0,IN,NS,ns.mimer.no
vanylven.kommune.no,14400.0,IN,NS,ns2.mimer.no
vanylven.kommune.no,14400.0,IN,NS,ns3.mimer.no
vardo.kommune.no,14400.0,IN,NS,barentsweb.barentsnett.no
vardo.kommune.no,14400.0,IN,NS,alpha.barentsnett.no
varoy.kommune.no,14400.0,IN,NS,ns1.nameserveren.com
varoy.kommune.no,14400.0,IN,NS,ns2.nameserveren.com
varoy.kommune.no,14400.0,IN,NS,ns3.nameserveren.com
vefsn.kommune.no,14400.0,IN,NS,dns1.hnett.no
vefsn.kommune.no,14400.0,IN,NS,dns2.hnett.no
vega.kommune.no,14400.0,IN,NS,ns1.hyp.net
vega.kommune.no,14400.0,IN,NS,ns2.hyp.net
vega.kommune.no,14400.0,IN,NS,ns3.hyp.net
vegarshei.kommune.no,14400.0,IN,NS,dns01.tdc.no
vegarshei.kommune.no,14400.0,IN,NS,dns02.tdc.no
vennesla.kommune.no,14400.0,IN,NS,dns01.tdc.no
vennesla.kommune.no,14400.0,IN,NS,dns02.tdc.no
verdal.kommune.no,14400.0,IN,NS,ns1.levanger.kommune.no
verdal.kommune.no,14400.0,IN,NS,ns2.levanger.kommune.no
verran.kommune.no,14400.0,IN,NS,ns1.hyp.net
verran.kommune.no,14400.0,IN,NS,ns2.hyp.net
verran.kommune.no,14400.0,IN,NS,ns3.hyp.net
vest-agder-f.kommune.no,14400.0,IN,NS,ns1.hyp.net
vest-agder-f.kommune.no,14400.0,IN,NS,ns2.hyp.net
vest-agder-f.kommune.no,14400.0,IN,NS,ns3.hyp.net
vestby.kommune.no,14400.0,IN,NS,eject.dataguard.no
vestby.kommune.no,14400.0,IN,NS,lin.dataguard.no
vestby.kommune.no,14400.0,IN,NS,josva.dataguard.no
vestfold-f.kommune.no,14400.0,IN,NS,ns1.nextra.no
vestfold-f.kommune.no,14400.0,IN,NS,ns2.nextra.no
vestnes.kommune.no,14400.0,IN,NS,ns2.pcsupport.no
vestnes.kommune.no,14400.0,IN,NS,ns.pcsupport.no
vestre-slidre.kommune.no,14400.0,IN,NS,dns2.ewse.net
vestre-slidre.kommune.no,14400.0,IN,NS,dns1.ewse.net
vestre-slidre.kommune.no,14400.0,IN,NS,dns3.ewse.net
vestre-toten.kommune.no,14400.0,IN,NS,ns4.eonisp.net
vestre-toten.kommune.no,14400.0,IN,NS,ns5.eonisp.net
vestre-toten.kommune.no,14400.0,IN,NS,ns6.eonisp.net
vestvagoy.kommune.no,14400.0,IN,NS,ns1.nextra.no
vestvagoy.kommune.no,14400.0,IN,NS,ns2.nextra.no
vevelstad.kommune.no,14400.0,IN,NS,ns1.hyp.net
vevelstad.kommune.no,14400.0,IN,NS,ns2.hyp.net
vevelstad.kommune.no,14400.0,IN,NS,ns3.hyp.net
vik.kommune.no,14400.0,IN,NS,ns2.sfj.no
vik.kommune.no,14400.0,IN,NS,ns1.sfj.no
vikna.kommune.no,14400.0,IN,NS,ns.edb.com
vikna.kommune.no,14400.0,IN,NS,ns1.edb.com
vikna.kommune.no,14400.0,IN,NS,ns2.edb.com
vikna.kommune.no,14400.0,IN,NS,ns4.edb.com
vindafjord.kommune.no,14400.0,IN,NS,ns3.hyp.net
vindafjord.kommune.no,14400.0,IN,NS,ns2.hyp.net
vindafjord.kommune.no,14400.0,IN,NS,ns1.hyp.net
vinje.kommune.no,300.0,IN,NS,ns.dataservice.no
vinje.kommune.no,300.0,IN,NS,ns1.dataservice.no
volda.kommune.no,14400.0,IN,NS,ns2.mimer.no
volda.kommune.no,14400.0,IN,NS,ns.mimer.no
voss.kommune.no,14400.0,IN,NS,eject.dataguard.no
voss.kommune.no,14400.0,IN,NS,josva.dataguard.no
voss.kommune.no,14400.0,IN,NS,lin.dataguard.no
xn--bod-2na.kommune.no,14400.0,IN,NS,ns1.bibsyst.no
xn--bod-2na.kommune.no,14400.0,IN,NS,ns3.bibsyst.no
xn--brnny-wuac.kommune.no,14400.0,IN,NS,ns2.hyp.net
xn--brnny-wuac.kommune.no,14400.0,IN,NS,ns3.hyp.net
xn--brnny-wuac.kommune.no,14400.0,IN,NS,ns1.hyp.net
xn--brum-voa.kommune.no,14400.0,IN,NS,dns1.mobinor.no
xn--brum-voa.kommune.no,14400.0,IN,NS,dns2.mobinor.no
xn--finny-yua.kommune.no,14400.0,IN,NS,ns10.verinames.com
xn--finny-yua.kommune.no,14400.0,IN,NS,ns12.verinames.com
xn--finny-yua.kommune.no,14400.0,IN,NS,ns11.verinames.com
xn--hery-ira.kommune.no,14400.0,IN,NS,ns1.ascio.net
xn--hery-ira.kommune.no,14400.0,IN,NS,ns2.ascio.net
xn--hery-ira.kommune.no,14400.0,IN,NS,ns3.ascio.net
xn--hobl-ira.kommune.no,14400.0,IN,NS,ns1.ascio.net
xn--hobl-ira.kommune.no,14400.0,IN,NS,ns2.ascio.net
xn--hobl-ira.kommune.no,14400.0,IN,NS,ns3.ascio.net
xn--klbu-woa.kommune.no,14400.0,IN,NS,nidaros.trondernett.no
xn--klbu-woa.kommune.no,14400.0,IN,NS,pingvin.trondernett.no
xn--merker-kua.kommune.no,14400.0,IN,A,84.16.219.82
xn--merker-kua.kommune.no,14400.0,IN,NS,nidaros.trondernett.no
xn--merker-kua.kommune.no,14400.0,IN,NS,pingvin.trondernett.no
xn--msy-ula0h.kommune.no,14400.0,IN,NS,ns.inord.no
xn--msy-ula0h.kommune.no,14400.0,IN,NS,ns.ha-nett.no
xn--oppegrd-ixa.kommune.no,14400.0,IN,NS,ns1.stwadmin.net
xn--oppegrd-ixa.kommune.no,14400.0,IN,NS,ns2.stwadmin.net
xn--rsta-fra.kommune.no,14400.0,IN,NS,ns1.ascio.net
xn--rsta-fra.kommune.no,14400.0,IN,NS,ns3.ascio.net
xn--rsta-fra.kommune.no,14400.0,IN,NS,ns2.ascio.net
xn--s-1fa.kommune.no,14400.0,IN,NS,ns1.ascio.net
xn--s-1fa.kommune.no,14400.0,IN,NS,ns2.ascio.net
xn--s-1fa.kommune.no,14400.0,IN,NS,ns3.ascio.net
xn--sr-aurdal-l8a.kommune.no,14400.0,IN,NS,dns20.activeisp.com
xn--sr-aurdal-l8a.kommune.no,14400.0,IN,NS,dns21.activeisp.com
xn--stjrdal-s1a.kommune.no,14400.0,IN,NS,nidaros.trondernett.no
xn--stjrdal-s1a.kommune.no,14400.0,IN,NS,pingvin.trondernett.no
xn--tjme-hra.kommune.no,14400.0,IN,NS,ns1.hyp.net
xn--tjme-hra.kommune.no,14400.0,IN,NS,ns2.hyp.net
xn--tjme-hra.kommune.no,14400.0,IN,NS,ns3.hyp.net
xn--tnsberg-q1a.kommune.no,14400.0,IN,NS,ns01.axpa.no
xn--tnsberg-q1a.kommune.no,14400.0,IN,NS,ns02.axpa.no
xn--ystre-slidre-ujb.kommune.no,14400.0,IN,NS,ns1.scandichosting.com
xn--ystre-slidre-ujb.kommune.no,14400.0,IN,NS,ns2.scandichosting.com
xn--ystre-slidre-ujb.kommune.no,14400.0,IN,NS,ns3.scandichosting.net.kommune.no
